
INSERT INTO Customers (CustomID, CustomName, CustomSurname, CustomMiddle, BeginDate, CustomMail, CustomPhone, Birthday, Town) VALUES (19, 'Ivan', 'Ivanov', 'Ivanich', '2020-01-01T00:00:00', 'mymail@mail.com', '+38(066)564-28-14', '1981-05-03T00:00:00', 'Kyiv');

INSERT INTO Customers (CustomID, CustomName, CustomSurname, CustomMiddle, BeginDate, CustomMail, CustomPhone, Birthday, Town) VALUES (13, 'Ivan', 'Petrov', 'Ivanich', '2020-02-01T00:00:00', 'mymail@mail.com', '+38(066)554-28-14', '1990-11-01T00:00:00', 'Kharkiv');

INSERT INTO Customers (CustomID, CustomName, CustomSurname, CustomMiddle, BeginDate, CustomMail, CustomPhone, Birthday, Town) VALUES (18, 'Ivan', 'Sidorov', 'Ivanich', '2020-03-01T00:00:00', 'mymail@mail.com', '+38(066)544-28-14', '1979-04-21T00:00:00', 'Dnipro');

INSERT INTO Customers (CustomID, CustomName, CustomSurname, CustomMiddle, BeginDate, CustomMail, CustomPhone, Birthday, Town) VALUES (16, 'Sergei', 'Ivanov', 'Ivanich', '2020-04-01T00:00:00', 'mymail@mail.com', '+38(066)534-28-14', '1993-09-07T00:00:00', 'Zaporizha');

INSERT INTO Customers (CustomID, CustomName, CustomSurname, CustomMiddle, BeginDate, CustomMail, CustomPhone, Birthday, Town) VALUES (2, 'Sergei', 'Petrov', 'Ivanich', '2020-05-01T00:00:00', 'mymail@mail.com', '+38(066)524-28-14', '1985-08-05T00:00:00', 'Lviv');

INSERT INTO Customers (CustomID, CustomName, CustomSurname, CustomMiddle, BeginDate, CustomMail, CustomPhone, Birthday, Town) VALUES (14, 'Sergei', 'Sidorov', 'Ivanich', '2020-06-01T00:00:00', 'mymail@mail.com', '+38(066)514-28-14', '1974-07-21T00:00:00', 'Zaporizha');

INSERT INTO Customers (CustomID, CustomName, CustomSurname, CustomMiddle, BeginDate, CustomMail, CustomPhone, Birthday, Town) VALUES (20, 'Denis', 'Ivanov', 'Ivanich', '2020-07-01T00:00:00', 'mymail@mail.com', '+38(066)561-28-14', '1983-06-01T00:00:00', 'Zaporizha');

INSERT INTO Customers (CustomID, CustomName, CustomSurname, CustomMiddle, BeginDate, CustomMail, CustomPhone, Birthday, Town) VALUES (6, 'Denis', 'Petrov', 'Ivanich', '2020-08-01T00:00:00', 'mymail@mail.com', '+38(066)562-28-14', '1994-04-01T00:00:00', 'Zaporizha');

INSERT INTO Customers (CustomID, CustomName, CustomSurname, CustomMiddle, BeginDate, CustomMail, CustomPhone, Birthday, Town) VALUES (9, 'Denis', 'Sidorov', 'Ivanich', '2020-09-01T00:00:00', 'mymail@mail.com', '+38(066)563-28-14', '1991-02-01T00:00:00', 'Zaporizha');

INSERT INTO Customers (CustomID, CustomName, CustomSurname, CustomMiddle, BeginDate, CustomMail, CustomPhone, Birthday, Town) VALUES (17, 'Andrey', 'Ivanov', ' Ivanich', '2020-11-01T00:00:00', 'mymail@mail.com', '+38(066)564-18-14', '1987-12-01T00:00:00', 'Zaporizha');

INSERT INTO Customers (CustomID, CustomName, CustomSurname, CustomMiddle, BeginDate, CustomMail, CustomPhone, Birthday, Town) VALUES (1, 'Andrey', 'Petrov', 'Ivanich', '2020-10-01T00:00:00', 'mymail@mail.com', '+38(066)565-28-14', '1989-06-02T00:00:00', NULL);

INSERT INTO Customers (CustomID, CustomName, CustomSurname, CustomMiddle, BeginDate, CustomMail, CustomPhone, Birthday, Town) VALUES (7, 'Andrey', 'Sidorov', 'Ivanich', '2020-02-01T00:00:00', 'mymail@mail.com', '+38(066)566-28-14', '1988-03-02T00:00:00', 'Zaporizha');

INSERT INTO Customers (CustomID, CustomName, CustomSurname, CustomMiddle, BeginDate, CustomMail, CustomPhone, Birthday, Town) VALUES (10, 'Illia', 'Muromec', 'Ivanich', '2020-04-01T00:00:00', 'mymail@mail.com', '+38(066)567-28-14', '1991-01-01T00:00:00', NULL);

INSERT INTO Customers (CustomID, CustomName, CustomSurname, CustomMiddle, BeginDate, CustomMail, CustomPhone, Birthday, Town) VALUES (5, 'Aliosha', 'Popovich', 'Ivanich', '2020-05-01T00:00:00', 'mymail@mail.com', '+38(066)568-28-14', '1990-01-08T00:00:00', NULL);

INSERT INTO Customers (CustomID, CustomName, CustomSurname, CustomMiddle, BeginDate, CustomMail, CustomPhone, Birthday, Town) VALUES (4, 'Dobrynya', 'Nikitych', 'Ivanich', '2020-07-01T00:00:00', 'mymail@mail.com', '+38(066)569-28-14', '1990-08-05T00:00:00', NULL);

INSERT INTO Customers (CustomID, CustomName, CustomSurname, CustomMiddle, BeginDate, CustomMail, CustomPhone, Birthday, Town) VALUES (12, 'Petr', 'Ivanov', 'Ivanich', '2020-08-01T00:00:00', 'mymail@mail.com', '+38(066)564-21-14', '1987-03-03T00:00:00', NULL);

INSERT INTO Customers (CustomID, CustomName, CustomSurname, CustomMiddle, BeginDate, CustomMail, CustomPhone, Birthday, Town) VALUES (15, 'Petr', 'Petrov', 'Ivanich', '2020-09-01T00:00:00', 'mymail@mail.com', '+38(066)564-22-14', '1988-02-02T00:00:00', NULL);

INSERT INTO Customers (CustomID, CustomName, CustomSurname, CustomMiddle, BeginDate, CustomMail, CustomPhone, Birthday, Town) VALUES (8, 'Petr', 'Sidorov', 'Ivanich', '2020-07-01T00:00:00', 'mymail@mail.com', '+38(066)564-23-14', '1986-10-03T00:00:00', NULL);

INSERT INTO Customers (CustomID, CustomName, CustomSurname, CustomMiddle, BeginDate, CustomMail, CustomPhone, Birthday, Town) VALUES (3, 'Sidor', 'Ivanov', 'Ivanich', '2020-06-01T00:00:00', 'mymail@mail.com', '+38(066)564-24-14', '1985-10-07T00:00:00', NULL);

INSERT INTO Customers (CustomID, CustomName, CustomSurname, CustomMiddle, BeginDate, CustomMail, CustomPhone, Birthday, Town) VALUES (11, 'Sidor', 'Sidorov', 'Ivanich', '2020-07-01T00:00:00', 'mymail@mail.com', '+38(066)564-25-14', '1983-04-05T00:00:00', 'Zaporizha');


INSERT INTO Invoice (InvID, InvNum, InvDate, Sum_nt, CustomID) VALUES (20, 'AA100100CC', '2020-01-01T00:00:00', 8, 13);

INSERT INTO Invoice (InvID, InvNum, InvDate, Sum_nt, CustomID) VALUES (14, 'AA100101CC', '2020-02-01T00:00:00', 2, 12);

INSERT INTO Invoice (InvID, InvNum, InvDate, Sum_nt, CustomID) VALUES (18, 'AA100001CC', '2020-03-01T00:00:00', 7, 11);

INSERT INTO Invoice (InvID, InvNum, InvDate, Sum_nt, CustomID) VALUES (8, 'AA100008CC', '2020-04-01T00:00:00', 12, 10);

INSERT INTO Invoice (InvID, InvNum, InvDate, Sum_nt, CustomID) VALUES (7, 'AA100400CC', '2020-05-01T00:00:00', 16, 9);

INSERT INTO Invoice (InvID, InvNum, InvDate, Sum_nt, CustomID) VALUES (2, 'AA100006CC', '2020-06-01T00:00:00', 1, 8);

INSERT INTO Invoice (InvID, InvNum, InvDate, Sum_nt, CustomID) VALUES (6, 'AA100005CC', '2020-07-01T00:00:00', 6, 7);

INSERT INTO Invoice (InvID, InvNum, InvDate, Sum_nt, CustomID) VALUES (3, 'AA100002CC', '2020-08-01T00:00:00', 19, 6);

INSERT INTO Invoice (InvID, InvNum, InvDate, Sum_nt, CustomID) VALUES (9, 'AA100003CC', '2020-09-01T00:00:00', 3, 5);

INSERT INTO Invoice (InvID, InvNum, InvDate, Sum_nt, CustomID) VALUES (10, 'AA138000CC', '2020-10-01T00:00:00', 15, 4);

INSERT INTO Invoice (InvID, InvNum, InvDate, Sum_nt, CustomID) VALUES (4, 'AA150000CC', '2020-11-01T00:00:00', 10, 3);

INSERT INTO Invoice (InvID, InvNum, InvDate, Sum_nt, CustomID) VALUES (19, 'AA150001CC', '2020-12-01T00:00:00', 4, 2);

INSERT INTO Invoice (InvID, InvNum, InvDate, Sum_nt, CustomID) VALUES (1, 'AA1500002CC', '2020-01-01T00:00:00', 17, 1);

INSERT INTO Invoice (InvID, InvNum, InvDate, Sum_nt, CustomID) VALUES (12, 'AA138001CC', '2020-02-01T00:00:00', 11, 14);

INSERT INTO Invoice (InvID, InvNum, InvDate, Sum_nt, CustomID) VALUES (13, 'AA138002CC', '2020-03-01T00:00:00', 5, 15);

INSERT INTO Invoice (InvID, InvNum, InvDate, Sum_nt, CustomID) VALUES (15, 'AA138003CC', '2020-04-01T00:00:00', 18, 16);

INSERT INTO Invoice (InvID, InvNum, InvDate, Sum_nt, CustomID) VALUES (5, 'AA138004CC', '2020-05-01T00:00:00', 14, 17);

INSERT INTO Invoice (InvID, InvNum, InvDate, Sum_nt, CustomID) VALUES (16, 'AA138006CC', '2020-06-01T00:00:00', 0, 18);

INSERT INTO Invoice (InvID, InvNum, InvDate, Sum_nt, CustomID) VALUES (11, 'AA138007CC', '2020-07-01T00:00:00', 9, 19);

INSERT INTO Invoice (InvID, InvNum, InvDate, Sum_nt, CustomID) VALUES (17, 'AA138008CC', '2020-08-01T00:00:00', 13, 20);

INSERT INTO Products (ProdID, ProdName, Article, Color, ProdDate, Country, ProdPrice, Currency) VALUES (2, 'prod1', 'AA100100', 'green', '2020-01-01T00:00:00', 'Germany', 6, 'USD');

INSERT INTO Products (ProdID, ProdName, Article, Color, ProdDate, Country, ProdPrice, Currency) VALUES (7, 'prod2', 'AA100001', 'red', '2020-02-01T00:00:00', 'France', 13, 'EUR');

INSERT INTO Products (ProdID, ProdName, Article, Color, ProdDate, Country, ProdPrice, Currency) VALUES (8, 'prod3', 'AA100002', 'yellow', '2020-03-01T00:00:00', 'Germany', 3, 'USD');

INSERT INTO Products (ProdID, ProdName, Article, Color, ProdDate, Country, ProdPrice, Currency) VALUES (13, 'prod4', 'AA100003', 'white', '2020-04-01T00:00:00', 'Germany', 18, 'EUR');

INSERT INTO Products (ProdID, ProdName, Article, Color, ProdDate, Country, ProdPrice, Currency) VALUES (1, 'prod5', 'AA100004', 'black', '2020-05-01T00:00:00', 'Germany', 7, 'USD');

INSERT INTO Products (ProdID, ProdName, Article, Color, ProdDate, Country, ProdPrice, Currency) VALUES (15, 'prod6', 'AA100005', 'gray', '2020-06-01T00:00:00', 'Germany', 15, 'EUR');

INSERT INTO Products (ProdID, ProdName, Article, Color, ProdDate, Country, ProdPrice, Currency) VALUES (4, 'prod7', 'AA100006', 'purple', '2020-07-01T00:00:00', 'Germany', 19, 'USD');

INSERT INTO Products (ProdID, ProdName, Article, Color, ProdDate, Country, ProdPrice, Currency) VALUES (18, 'prod8', 'AA100007', 'brown', '2020-08-01T00:00:00', 'Germany', 11, 'USD');

INSERT INTO Products (ProdID, ProdName, Article, Color, ProdDate, Country, ProdPrice, Currency) VALUES (14, 'prod9', 'AA138000', 'blue', '2020-09-01T00:00:00', 'Germany', 16, 'EUR');

INSERT INTO Products (ProdID, ProdName, Article, Color, ProdDate, Country, ProdPrice, Currency) VALUES (6, 'prod10', 'AA138001', 'green', '2020-10-01T00:00:00', 'Germany', 10, 'UAH');

INSERT INTO Products (ProdID, ProdName, Article, Color, ProdDate, Country, ProdPrice, Currency) VALUES (17, 'prod11', 'AA138002', 'red', '2020-11-01T00:00:00', 'Germany', 4, 'UAH');

INSERT INTO Products (ProdID, ProdName, Article, Color, ProdDate, Country, ProdPrice, Currency) VALUES (3, 'prod12', 'AA138003', 'white', '2020-12-01T00:00:00', 'Germany', 10, 'USD');

INSERT INTO Products (ProdID, ProdName, Article, Color, ProdDate, Country, ProdPrice, Currency) VALUES (20, 'prod13', 'AA138004', 'gray', '2020-01-01T00:00:00', 'Germany', 17, 'UAH');

INSERT INTO Products (ProdID, ProdName, Article, Color, ProdDate, Country, ProdPrice, Currency) VALUES (5, 'prod14', 'AA138005', 'black', '2020-02-01T00:00:00', 'Germany', 1, 'UAH');

INSERT INTO Products (ProdID, ProdName, Article, Color, ProdDate, Country, ProdPrice, Currency) VALUES (9, 'prod15', 'AA138006', 'brown', '2020-03-01T00:00:00', 'Germany', 8, 'UAH');

INSERT INTO Products (ProdID, ProdName, Article, Color, ProdDate, Country, ProdPrice, Currency) VALUES (19, 'prod16', 'AA138007', 'red', '2020-04-01T00:00:00', 'Germany', 2, 'UAH');

INSERT INTO Products (ProdID, ProdName, Article, Color, ProdDate, Country, ProdPrice, Currency) VALUES (16, 'prod17', 'AA150000', 'gray', '2020-05-01T00:00:00', 'Germany', 14, 'UAH');

INSERT INTO Products (ProdID, ProdName, Article, Color, ProdDate, Country, ProdPrice, Currency) VALUES (11, 'prod18', 'AA150001', 'green', '2020-06-01T00:00:00', 'Germany', 12, 'UAH');

INSERT INTO Products (ProdID, ProdName, Article, Color, ProdDate, Country, ProdPrice, Currency) VALUES (10, 'prod19', 'AA150002', 'brown', '2020-07-01T00:00:00', 'Germany', 9, 'UAH');

INSERT INTO Products (ProdID, ProdName, Article, Color, ProdDate, Country, ProdPrice, Currency) VALUES (12, 'prod20', 'AA150003', 'black', '2020-08-01T00:00:00', 'Germany', 5, 'USD');

INSERT INTO InvoiceDetail (InvDID, InvID, ProdID, Quant, Price, Sum) VALUES (11, 20, 17, 10, 9, 2);

INSERT INTO InvoiceDetail (InvDID, InvID, ProdID, Quant, Price, Sum) VALUES (20, 13, 16, 10, 10, 13);

INSERT INTO InvoiceDetail (InvDID, InvID, ProdID, Quant, Price, Sum) VALUES (1, 14, 15, 15, 19, 14);

INSERT INTO InvoiceDetail (InvDID, InvID, ProdID, Quant, Price, Sum) VALUES (8, 15, 14, 7, 14, 18);

INSERT INTO InvoiceDetail (InvDID, InvID, ProdID, Quant, Price, Sum) VALUES (17, 16, 13, 19, 5, 10);

INSERT INTO InvoiceDetail (InvDID, InvID, ProdID, Quant, Price, Sum) VALUES (14, 17, 12, 5, 18, 7);

INSERT INTO InvoiceDetail (InvDID, InvID, ProdID, Quant, Price, Sum) VALUES (19, 18, 11, 8, 6, 11);

INSERT INTO InvoiceDetail (InvDID, InvID, ProdID, Quant, Price, Sum) VALUES (9, 19, 10, 4, 15, 4);

INSERT INTO InvoiceDetail (InvDID, InvID, ProdID, Quant, Price, Sum) VALUES (15, 12, 9, 11, 3, 0);

INSERT INTO InvoiceDetail (InvDID, InvID, ProdID, Quant, Price, Sum) VALUES (16, 11, 8, 3, 10, 16);

INSERT INTO InvoiceDetail (InvDID, InvID, ProdID, Quant, Price, Sum) VALUES (18, 10, 7, 6, 2, 5);

INSERT INTO InvoiceDetail (InvDID, InvID, ProdID, Quant, Price, Sum) VALUES (10, 9, 6, 14, 4, 9);

INSERT INTO InvoiceDetail (InvDID, InvID, ProdID, Quant, Price, Sum) VALUES (5, 8, 5, 9, 8, 3);

INSERT INTO InvoiceDetail (InvDID, InvID, ProdID, Quant, Price, Sum) VALUES (2, 7, 4, 16, 11, 6);

INSERT INTO InvoiceDetail (InvDID, InvID, ProdID, Quant, Price, Sum) VALUES (7, 6, 3, 17, 16, 15);

INSERT INTO InvoiceDetail (InvDID, InvID, ProdID, Quant, Price, Sum) VALUES (12, 5, 2, 1, 17, 17);

INSERT INTO InvoiceDetail (InvDID, InvID, ProdID, Quant, Price, Sum) VALUES (13, 4, 1, 12, 7, 19);

INSERT INTO InvoiceDetail (InvDID, InvID, ProdID, Quant, Price, Sum) VALUES (6, 3, 18, 2, 12, 12);

INSERT INTO InvoiceDetail (InvDID, InvID, ProdID, Quant, Price, Sum) VALUES (4, 2, 19, 13, 13, 1);

INSERT INTO InvoiceDetail (InvDID, InvID, ProdID, Quant, Price, Sum) VALUES (3, 1, 20, 18, 1, 8);